Control ID,Description,Category,Terraformable?,Implementation Details
3.1.1.1,A cyber security  committee should be established and be mandated by the board.,Process,No,N/A
3.1.1.2,The cyber security  committee should be headed by an independent senior manager  from a control function.,Process,No,N/A
3.1.1.3,"The following positions should be represented in the cyber security committee: a. senior managers from all relevant departments (e.g., COO, CIO, compliance officer, heads of relevant busine ss departments); b. Chief information security officer (CISO ); c. Internal audit  may attend as an “observer .",Tech,No,N/A
3.1.1.4,"A cyber security committee charter should be developed, approved and reflect: a. committee objective s; b. roles and responsibilities; c. minimum number of meeting participants; d. meeting  frequency (minimum on quarterly basis).",Process,No,N/A
3.1.1.5,A cyber security function should be established.,Process,No,N/A
3.1.1.6,"The cyber security  function should be independent from the information technology function. To avoid any conflict of interest, the cyber security  function and informa tion technology function should have separate reporting lines, budgets and staff evaluations.",Tech,Yes,"Enable CloudTrail, VPC Flow Logs, S3 Access Logs, RDS Enhanced Monitoring."
3.1.1.7,The cyber security  function should report directly to the CEO/managing director of the Member Organization or general manager of a control function.,Process,No,N/A
3.1.1.8,"A full -time s enior manager for the cyber security  function, referred to as CISO, should be appointed at senior management level.",Process,No,N/A
3.1.1.9,The Member Organization should : a. ensure the CISO has a Saudi nationality; b. ensure the CISO is sufficiently qualified; c. obtain no objection fro m SAMA to assign the CISO.,Process,No,N/A
3.1.1.10,The board of the Member Organization should allocate sufficient budget to execute the required cyber security  activities.,Process,No,N/A
3.1.2.1,"The cyber security  strategy should be defined , approved , maintained  and executed .",Process,No,N/A
3.1.2.2,The cyber security  strategy should be aligned with: a. the Member Organization’s overall objectives; b. the legal and regulatory compliance requirements of the Member Organization; c. the Banking Sector’s cyber security  strategy.,Process,No,N/A
3.1.2.3,The cyber security  strategy  should address: a. the importance and benefits of cyber security  for the Member Organization; b. the anticipated future state of cyber security  for the Member Organization to become and remain resilient to (emerging) cyber security  threats; c. which and when cyber security  initiatives and project s should be executed to achieve the anticipated future state.,Process,No,N/A
3.1.3.1,"The cyber security  policy should be defined , approved and communicate d.",Process,No,N/A
3.1.3.2,The cyber  security policy should be reviewed periodically  according to a predefined and structured review process.,Process,No,N/A
3.1.3.3,"The cyber security  policy should be: a. considered as input for other corporate policies of the Member Organization (e.g., HR policy, finance policy and IT policy); b. supported by de tailed security standards (e.g., password standard, firewall  standard ) and procedures; c. based on best practices  and (inter)national standards ; d. communicated to relevant stakeholders.",Process,No,N/A
3.1.3.4,"The cyber security  policy should include: a. a definition of cyber security ; b. the Member Organization’s overall cyber security  objectives and scope; c. a statement of the board’s intent, supporting the cyber security  objectives; d. a definition of general and specific responsibilities for cyber security ; e. the reference to supporting cyber security  standards and procedures; f. cyber security  requirements that ensure: 1. information is classified in a way that indicates its importance to the Member Organization; 2. information is protected in terms of cyber security  requirements, in line with the risk  appetite; 3. owners are appointed for all information assets;",Process,No,N/A
3.1.3.4,cyber security  risk assessments are conducted for information assets;,Process,No,N/A
3.1.3.5,relevant stakeholders are made aware of cyber security  and their expected behavior ( cyber security  awareness program);,Process,No,N/A
3.1.3.6,complia nce with regulatory and contractual obligations are being met;,Process,No,N/A
3.1.3.7,cyber security  breaches and suspected cyber security  weaknesses are reported;,Process,No,N/A
3.1.3.8,cyber security  is reflected in business continuity management.,Process,No,N/A
3.1.4.1,"The B oard  of Directors  has the ultimate responsibility for cybe r security , including : a. ensuring that sufficient budget for cyber security  is allocated; b. approving the cyber security  committee charter; c. endorsing (after being approved by the cyber security  committee):",Process,No,N/A
3.1.4.1,the cyber security  governance;,Process,No,N/A
3.1.4.2,the cyber security  strategy;,Process,No,N/A
3.1.4.3,"the cyber security  policy. 2. The cyber security  committee should be responsible for: a. monitoring, reviewing and communicating the Member Organization’s cyber security  risk appetite periodically  or upon a mater ial change in the risk appetite; b. reviewing the cyber security  strategy to ensure that it supports the  Member Organization objectives; c. approving, communicating, supporting and monitoring: 1. the cyber security  governance; 2. the cyber security  strategy;",Process,No,N/A
3.1.4.3,the cyber security  policy;,Process,No,N/A
3.1.4.4,"cyber security  programs (e.g., awareness program, data classification program, data privacy, data leakage prevention, key cyber security  improvements);",Tech,No,N/A
3.1.4.5,cyber security  risk management process;,Process,No,N/A
3.1.4.6,"the key risk indicators  (KRIs ) and key performance indicators  (KPIs) for cyber  security . 3. The senior management should be responsible for: a. ensuring that standards, processes and procedures reflect security requirements (if applicable); b. ensuring that individuals accept and comply with the cyber security  policy, supporting standards and procedures when they are issued and updated; c. ensuring that cyber security  responsibilities are incorporated in the job descriptions of key positions and cyber security  staff . 4. The CISO should be responsible for: a. developing and maintaining: 1. cyber security  strategy; 2. cyber security  policy; 3. cyber security  architecture ; 4. cyber security  risk management process ; b. ensuring that detailed security standards and procedures are established , approved  and implemented ; c. delivering risk -based cyber security  solutions that address people, process and technology; d. developing the cyber security  staff to deliver cyber security  solutions in a business context; e. the cyber security  activities across the Member Organization, including: 1. monitoring of the cyber security  activities (SOC monitoring); 2. monitoring of compliance with cyber security  regulations , policies , standards and procedures ; 3. overseeing the investigation of cyber security  incidents; 4. gathering and analyzing threat intelligence from internal and external so urces; 5. performing cyber security  reviews ; f. conducting cyber security  risk assessments on the Members Organization’s information assets; g. proactively supporting other functions on cyber security , including: 1. performing information and system classifications; 2. determining cyber security  requirements for important projects; 3. performing cyber security  reviews . h. defining and conducting the cyber security  awareness programs; i. measuring and reporting the KRIs  and KPIs on: 1. cyber security  strategy; 2. cyber security  policy compliance; 3. cyber security  standards and procedures; 4. cyber security  programs (e.g., awareness program, data classification program, key cyber security  improvements). 5. The internal audit  function should be responsible for: a. performing cyber security  audits.",Process,No,N/A
3.1.4.6,"All Member Organization’s staff  should be responsible for: a. complying with cyber security  policy, standards and procedures.",Process,No,N/A
3.1.5.1,Cyber security  should be integrated into the Member Organization's project management methodology to ensure that cyber secu rity risks are identified and addressed as part of a project.,Tech,Yes,"Enable CloudTrail, VPC Flow Logs, S3 Access Logs, RDS Enhanced Monitoring."
3.1.5.2,The Member Organization’s project management methodology should ensure that: a. cyber security  objectives are included in project objectives; b. the cyber security  function is part of all phases of the project; c. a risk assessment is performed at the start of the project to determine the cyber security  risks and to ensure that cyber security  requirements are addressed either by the existing cyber security controls (ba sed on  cyber security  standards ) or to be developed; d. cyber security  risks are registered in the project -risk register  and tracked ; e. responsibilities for cyber security  are defined and allocated; f. a cyber security review is performed by an independent internal or external party .,Tech,Yes,"Enable CloudTrail, VPC Flow Logs, S3 Access Logs, RDS Enhanced Monitoring."
3.1.6.1,"The c yber security  awareness programs should be defined , approved  and conducte d to promote cyber security  awareness and to create a positive cyber security  culture.",Process,No,N/A
3.1.6.2,A cyber security awareness program should be defined and conducted for: a. staff  of the Member Organization; b. third parties of the Member Organization; c. customers  of the Member Organization.,Process,No,N/A
3.1.6.3,The cyber security  awareness program should target cyber security  behaviors by tailoring the program to address the different target groups  through multiple channels .,Process,No,N/A
3.1.6.4,The activities of the cyber security  awareness program shoul d be conducted periodically  and throughout the year.,Process,No,N/A
3.1.6.5,"The cyber security  awareness program should at a minimum include: a. an explanation of cyber security  measures provided; b. the roles and responsibilities regarding cyber security ; c. information on relevant emer ging cyber security  events and cyber threats (e.g., spear -phishing, whaling).",Process,No,N/A
3.1.6.6,The cyber security  awareness program should be evaluated to: a. measure the effectiveness of the awareness activities; b. formulate recommendations to improve the cyber security  aware ness program.,Process,No,N/A
3.1.6.7,"Customer awareness should address for both retail and commercial customers and, at a minimum, include a listing of suggested cyber security  mechanisms which customers may consider implementing to mitigate their own risk(s).",Process,No,N/A
3.1.7.1,"Specialist or security -related skills train ing should be provided to staff  in the Member Organization’s relevant functional area categories in line with their job descriptions, including: a. key roles within the organization; b. staff  of the cyber security  function; c. staff  involved in developing and (tech nically) maintaining information assets; d. staff  involved in risk assessments.",Process,No,N/A
3.1.7.2,"Education should be provided in order to equip staff  with the skills and required knowledge to securely operate the Member Organization’s information assets. 3.2 Cyber Security  Risk Management and Compliance Risk management is the ongoing process of identifying, analyzing, responding and monitoring and reviewing risks. The cyber security risk m anagement process focusses specifically on managing risks related to cyber security .  In or der to manage cyber security risks, Member Organizations should:  identify their cyber security risks – cyber security risk identification;  determine the likelihood that cyber security risks will occur and the resulting impact – cyber security risk analysis;  determine the appropriate response to cyber security risks and select relevant controls – cyber security risk response;  monitor the cyber security risk treatment and review control effectiveness  – cyber security risk monitoring and review. The compliance with the cyber security  controls should be subject to periodic review and audit.",Tech,Yes,"Enable CloudTrail, VPC Flow Logs, S3 Access Logs, RDS Enhanced Monitoring."
3.2.1.1,"The cyber security risk management process should be defined , approved and implemented.",Process,No,N/A
3.2.1.2,"The cyber security  risk management process should focus on safeguarding the confidentiality, integrity and availability of information assets.",Tech,No,N/A
3.2.1.3,The cyber security risk management process should be aligned with the existing enterprise risk management process.,Process,No,N/A
3.2.1.4,The cyber security  risk managemen t process should be documented and address: a. risk identification; b. risk analysis; c. risk response; d. risk monitoring and review.,Process,No,N/A
3.2.1.5,"The cyber security risk management process should address the Member Organization’s information assets, including (but not limited to ): a. business processes; b. business applications; c. infrastructure components.",Tech,No,N/A
3.2.1.6,The cyber security risk management process should be initiated: a. at an early stage of the project; b. prior to critical change; c. when outsourcing  is being considered; d. when launching new products and technologies.,Tech,Yes,"Enable CloudTrail, VPC Flow Logs, S3 Access Logs, RDS Enhanced Monitoring."
3.2.1.7,Existing information assets should be periodically subject to cyber security risk assessment based on their classification or risk profile.,Process,No,N/A
3.2.1.8,The c yber security risk management activities should involve: a. business owners; b. IT special ists; c. cyber security  specialists; d. key user representatives.,Process,No,N/A
3.2.1.9,"The result of the risk assessment should be reported to the relevant business owner (i.e., risk owner) within the Member Organization;",Process,No,N/A
3.2.1.10,"The relevant business owner (i.e. , risk owner) within the Mem ber Organization should accept and endorse the risk assessment results.",Process,No,N/A
3.2.1.1,Cyber security risk identification should be performed.,Process,No,N/A
3.2.1.2,Identified cyber security risks should be documented  (in a central register) .,Process,No,N/A
3.2.1.1,A cyber security risk analysis should be performed.,Process,No,N/A
3.2.1.1,The relevant determined cyber security  risks should be treated according to the Member Organization’s risk appetite and cyber security  requirements.,Process,No,N/A
3.2.1.2,"Cyber security r isk response should ensure that the list of risk treatment options are documented (i.e., accepting, avoiding, transferring or mitigating risks by applying cyber security  controls).",Process,No,N/A
3.2.1.3,"Accepting cyber security  risks should include: a. the consideration of predefined limits fo r levels of cyber security  risk; b. the approval and sign -off by the business owner, ensuring  that: 1. the accepted cyber security risk is within the risk appetite and is reported to the cyber security committee; 2. the accepted cyber security risk does not contrad ict SAMA regulations.",Process,No,N/A
3.2.1.4,Avoiding cyber security  risks should involve a decision by a business owner to cancel or postpone a particular activity or project that introduces an unacceptable cyber security  risk.,Process,No,N/A
3.2.1.5,Transferring or sharing the cyber security  risks should: a. involve sharing the cyber security  risks with relevant (internal or external) providers; b. be accepted by the receiving (internal or external) provider(s) ; c. eventually lead to the actual transferring or sharing of the cyber security risk .,Process,No,N/A
3.2.1.6,"Applying cybe r security  controls to mitigate cyber security risk s should include: a. identifying appropriate cyber security  controls; b. evaluating the strengths and weaknesses of the cyber security  controls; 1. assessing the cost of implementing the cyber security  controls; 2. assessing the feasibility of implementing the cyber security  controls; 3. reviewing relevant compliance requirements for the cyber security  controls; c. selecting cyber security  controls; d. identifying, documenting and obtaining sign -off for any residual risk by t he business owner.",Process,No,N/A
3.2.1.7,"Cyber security r isk treatment actions  should be documented in a risk treatment plan. 3.2.1.4  Cyber Risk Monitoring and Review Principle The progress cyber security risk treatment should be monitored and the effectiveness of revised or newly impl emented cyber security  controls should be reviewed. Objective To ensure that the cyber security risk treatment is performed according to the treatment plans. To ensure that the revised or newly implemented cyber security  controls are effective. Control c onsiderations 1. The cyber security treatment should be monitored, including: a. tracking progress in accordance to treatment plan; b. the selected and agreed cyber security  control s are being implemented. 2. The design and effectiveness of the revised or newly implemented cyber security  controls should be reviewed.",Process,No,N/A
3.2.2.1,"A process should be established  for ensuring compliance with relevant regulatory requirements affecting cyber security  across the Member Organization. The process of ensuring compliance should: a. be performed periodically or when new regulatory requirements become effective; b. involve repre sentatives from key areas of the Member Organization; c. result in the update of cyber security  policy, standards and procedures to accommodate any necessary changes (if applicable).",Process,No,N/A
3.2.3.1,"The Member Organization should comply with: a. Payment Card Industry Data Security Standard ( PCI-DSS); b. EMV  (Europay , MasterCard  and Visa) technical  standard ; c. SWIFT Customer Security Controls Framework – March 2017 .",Process,No,N/A
3.2.4.1,Cyber security  reviews should be periodically performed for critical information assets.,Process,No,N/A
3.2.4.2,Customer and internet facing services should be subject to annual review and penetration tests.,Process,No,N/A
3.2.4.3,"Details of cyber security  review performed should be recorded, including the results of review, issues identified and recommended actions.",Process,No,N/A
3.2.4.4,The results of cyber security  review should be reported to business owner.,Process,No,N/A
3.2.4.5,Cyber security  review should be subject to follow -up reviews to check that: a. all identified issues have been addressed; b. critical risks have been t reated effectively; c. all agreed actions are being managed on an ongoing basis.,Process,No,N/A
3.2.5.1,Cyber security  audits should be performed independently and according to generally accepted auditing standards  and SAMA cyber security framework .,Tech,Yes,"Enable CloudTrail, VPC Flow Logs, S3 Access Logs, RDS Enhanced Monitoring."
3.2.5.2,"Cyber security  audits should be performe d according to the Member Organization’s audit manual and audit plan. 3.3 Cyber  Security Operations and Technology In order to safeguard the protection of the operations and technology of the Member Organization's information assets and its staff , third parties and customers, the Member Organizations have to ensure that security requirements for their information assets and the supporting processes are defined, approved and implemented. The compliance with these cyber security  requirements should be monitored and the effectiveness of the cyber security  controls should be periodically  measured and evaluated in order to identify potential revisions of the controls or measurements.",Tech,Yes,"Enable CloudTrail, VPC Flow Logs, S3 Access Logs, RDS Enhanced Monitoring."
3.3.1.1,"The human resources process should define, approve and implement cyber security requirements .",Process,No,N/A
3.3.1.2,"The effectiveness of the human resources process should be monitored, measured and periodically evaluated.",Process,No,N/A
3.3.1.3,"The human resource process shoul d include: a. cyber security  responsibilities and non -disclosure clauses within staff agreements (during and after the employment); b. staff  should receive cyber security  awareness at the start and during their employment; c. when disciplinary actions will be appli cable; d. screening and background check; e. post-employment cyber security  activities, such as : 1. revoking access rights; 2. returning information assets assigned (e.g. , access badge, tokens, mobile devices, all electronic and physical information).",Tech,No,N/A
3.3.2.1,"The physical security process sho uld be defined , approved  and implemented .",Tech,No,N/A
3.3.2.2,"The effectiveness of the physical security process should be monitored, measured and periodically evalua ted.",Tech,No,N/A
3.3.2.3,"The physical security process should include  (but not limited to) : a. physical entry controls (including visitor security); b. monitoring and surveillance (e.g., CCTV, ATMs GPS tracking, sensitivity sensors); c. protection of data centers and data rooms; d. envir onmental protection; e. protection of information assets during lifecycle (including transport and secure disposal , avoiding unauthorized access and (un)intended data leakage .",Tech,Yes,"Enable CloudTrail, VPC Flow Logs, S3 Access Logs, RDS Enhanced Monitoring.; Use IAM Roles/Policies with least privilege. Avoid root account usage."
3.3.3.1,"The asset management process should be  defined , approved  and implemented .",Tech,Yes,Review AWS Config Rules for compliance.
3.3.3.2,"The effectiveness of the asset management process should be monitored, measured and periodically evaluated.",Tech,Yes,Review AWS Config Rules for compliance.
3.3.3.3,"The asset management process should include: a. a unified register; b. ownership and custodianship of information assets; c. the reference to relevant other processes , depending on asset management; d. information asset  classification, labeling and handling ; e. the discovery of ne w information assets .",Tech,Yes,Review AWS Config Rules for compliance.
3.3.4.1,"The cyber security architecture should be defined, approved  and implemented.",Process,No,N/A
3.3.4.2,The compliance with the cyber security  architecture should be monitored.,Process,No,N/A
3.3.4.3,"The cyber security  architecture should include: a. a strategic outline of cyber security  capabilities and controls based on the business requirements; b. approval of the defined cyber security  architecture; c. the requirement of having qualified cyber security  architects; d. design  principles for developing cyber security  controls and applying cyber s ecurity  requirements (i.e., the security -by-design principle); e. periodic review of the cyber security  architecture.",Process,No,N/A
3.3.5.1,"The identity and access management policy , including the responsibilities and accountabilities, should be defined, approved and implemented.",Process,No,N/A
3.3.5.2,The compliance with the identity and access policy  should be monitored .,Process,No,N/A
3.3.5.3,The effectiveness of the cyber security  controls within the identity and access management policy should be measured and periodically evaluated.,Process,No,N/A
3.3.5.4,"The identity and access management policy  should include: a. business requirements for access control (i.e. , need -to-have and need -to-know); b. user access management (e.g., joiners, movers, leavers): 1. all identified user types should be covered (i.e., internal staff , third parties); 2. changes of job  status or job positions for internal staff  (e.g. joiner, mover a nd leaver) should be instigated by the human resources department; 3. changes f or external staff or third parties should be instigated by the appointed accountable party ;",Process,No,N/A
3.3.5.4,"user access requests are formally approved in accordance with business and compliance requirements (i.e. , need -to-have and need -to-know  to avoid unauthorized access  and (un)intended data leakage ));",Tech,No,N/A
3.3.5.5,changes in access rights should be processed in a timely manner;,Process,No,N/A
3.3.5.6,periodically user access rights and profiles should be reviewed;,Process,No,N/A
3.3.5.7,"an audit trail of submitted, approved and processed user access requests and revocation requ ests should be established; c. user access management should be supported by automation; d. centralization of the identity and access management function; e. multi -factor authentication for sensitive and critical systems and profiles; f. privilege d and remote access management , which should address: 1. the allocation and restricted use of privileged and remote access , specifying : a. multi-factor authentication shoul d be used for all remote access; b. multi-factor authentication should be used for privilege access on critical s ystems based on a risk assessment ; 2. the periodic review of users with privileged and remote accounts ; 3. individual accountability ; 4. the use of non -personal privileged accounts , including: a. limitation and monitoring; b. confidentiality of passwords; c. changing passwords frequently and at the end of each session .",Tech,Yes,"Enable CloudTrail, VPC Flow Logs, S3 Access Logs, RDS Enhanced Monitoring.; Use IAM Roles/Policies with least privilege. Avoid root account usage.; Enforce MFA for IAM users. Use strong password policies."
3.3.6.1,"The a pplication cyber security  standards should be defined, approved and implemented.",Tech,Yes,Review AWS Config Rules for compliance.
3.3.6.2,The compliance with the application security standards should be monitore d.,Tech,Yes,Review AWS Config Rules for compliance.
3.3.6.3,The effectiveness of the application cyber security  controls should be measured and periodically evaluated.,Tech,No,N/A
3.3.6.4,Application development should follow the approved secure system development life cycle methodology (SDLC).,Tech,Yes,"Enable CloudTrail, VPC Flow Logs, S3 Access Logs, RDS Enhanced Monitoring."
3.3.6.5,"The application security standard sho uld include: a. secure coding standards; b. the cyber security  controls implemented (e.g. , configuration parameters, events to monitor  and retain  [including system access and data] , identity and access management); c. the segregation of duties within the application (supported with a documented authorization matrix); d. the protection of data aligned with the (agreed) classification scheme (including privacy of customer data  and, avoiding unauthorized access and (un)intended data leakage ); e. vulnerability and patch management; f. back -up and recovery procedures; g. periodic cyber security  compliance review.",Process,No,N/A
3.3.7.1,"The change management process should be defined, approved and implemented.",Process,No,N/A
3.3.7.2,The compliance with the change management process should be monitored .,Process,No,N/A
3.3.7.3,The effectiveness of the cyber security  controls within the cha nge management process should be measured and periodically evaluated.,Process,No,N/A
3.3.7.4,"The change management process should include: a. cyber security  requirements for controlling changes to information assets, such as  assessing the impact of requested changes, classification  of changes and the review of changes; b. security testing, which should (if applicable) include: 1. penetration testing; 2. code review if applications are developed internally; 3. code review of externally developed applications and if the source code is available",Tech,No,N/A
3.3.7.4,"a code review report (or equivalent, such as an independent assurance statement) in case the source code  cannot be provided; c. approval of changes by the business owner; d. approval from the cyber security function before submitting to C hange Advisory Board (CAB ); e. approva l by CAB ; f. post -implementation review of the related cyber security  controls ; g. development, testing and implementation are segregated for both the (technical) environment and involved individuals; h. the procedure for emergency changes and fixes; i. fall-back and roll -back procedures.",Process,No,N/A
3.3.8.1,"The infrastructure security standards should be defined, approved and implemented.",Tech,Yes,Review AWS Config Rules for compliance.
3.3.8.2,The compliance with the infrastructure security  standards should be monitored .,Tech,Yes,Review AWS Config Rules for compliance.
3.3.8.3,The effectiveness of the infrastructure cyber  security  controls should be measured and periodically evaluated.,Tech,No,N/A
3.3.8.4,"The infrastructure security standards should cover all instances of infrastructure available  in the main datacenter(s) , the disaster recovery data site(s)  and office spaces.",Tech,Yes,"Enable automated backups for RDS (7-35 days), S3 Versioning & Cross-Region Replication."
3.3.8.5,"The infrastructure security standards should cover all instances of infrastructure  (e.g., operating systems, servers, virtual machine s, firewalls, network  devices , IDS, IPS, wireless  network, gateway servers, proxy servers, email gateways, external connections,  databases, file -shares, workstations, laptops, tablets, mobile devices , PBX ).",Tech,Yes,"Use Security Groups, NACLs, Private Subnets for databases. No public S3 buckets."
3.3.8.6,"The infrastructure security standard should include: a. the cyber security  controls implemented (e.g. , configuration parameters, events to monitor  and retain [including system access and data] , data -leakage prevention [DLP], identity and access management, remote maintenance); b. the segregation of duties within the infrastructure component (supported with a documented authorization matrix); c. the protec tion of data aligned with the (agreed) classification scheme  (including privacy of customer data  and, avoiding unauthorized access and (un)intended data leakage) ; d. the use of approved software and secure protocols; e. segmentation of networks ; f. malicious  code/ software and virus protection ( and applying application whitelisting  and APT protection ); g. vulnerability and patch management; h. DDOS protection (where applicable); this should include: 1. the use of scrubbing services; 2. specification of the bandwidth agreed; 3. 24x7  monitoring by Security Operating Center (SOC), Service Provider (SP) and scrubbing provider; 4. testing of DDOS scrubbing (minimum twice a year); 5. DDOS services should be implemented for the main datacenter(s) as well as the disaster recovery site(s); i. back -up and recovery procedures; j. periodic cyber security  compliance review.",Process,No,N/A
3.3.9.1,"A cryptographic security standard should be defined, approved and implemented.",Process,No,N/A
3.3.9.2,The compliance with the cryptographic security standard should be monitored.,Process,No,N/A
3.3.9.3,The effectiveness of the cryptographic security controls should be measured and periodically evaluated.,Process,No,N/A
3.3.9.4,"The cryptographic security standard should include: a. an overview of the approved cryptographic solutions  and relevant rest rictions (e.g., technically, legally) ; b. the circumstances when the approved cryptographic solutions should be applied; c. the management of encryption keys , including lifecycle management, archiving and recovery.",Tech,Yes,"Use AWS KMS (AES-256) for data at rest. Use TLS 1.2+ for data in transit.; Enable automated backups for RDS (7-35 days), S3 Versioning & Cross-Region Replication."
3.3.10.1,"The BYOD cyber security  standard should be defined, approved and implemented.",Process,No,N/A
3.3.10.2,The compliance with the BYOD cyber security  standard should be monitored.,Process,No,N/A
3.3.10.3,The effectiveness of the BYOD cyber security  controls should be measured and periodically evaluated.,Process,No,N/A
3.3.10.4,"The BYOD standard should include: a. responsibilities of the user (including awareness training); b. information regarding the restrictions and consequences for staff  when the Member Organization implements cyber security  controls on their personal devices; for example w hen using modified devices (jailbreaking), terminating the employment or in case of loss or theft of the personal device; c. the isolation of business information from personal information  (e.g., container ization ); d. the regulation of corporate mobile applicati ons or approved “public ” mobile applications; e. the use of mobile device management (MDM); applying access controls to the device and business container and encryption mechanisms on the personal device (to ensure secure transmission and storage).",Tech,Yes,Use AWS KMS (AES-256) for data at rest. Use TLS 1.2+ for data in transit.; Use IAM Roles/Policies with least privilege. Avoid root account usage.
3.3.11.1,"The secure disposal standard and procedure should be defined, approved and implemented .",Process,No,N/A
3.3.11.2,The compliance with the secure disposal standard and procedure should be monitored.,Process,No,N/A
3.3.11.3,The effectiveness of the secure disposal cyber security  controls should be measured and periodically evaluated.,Process,No,N/A
3.3.11.4,"Information assets should be disposed in accordance with legal and regulatory requirements, when no longer requ ired (i.e. meeting data privacy regulations to avoid unauthorized access and avoid (un)intended data leakage) .",Tech,No,N/A
3.3.11.5,"Sensitive information should be destroyed using techniques to make the information non -retrievable (e.g., secure erase, secure wiping, incinerat ion, double crosscut, shredding).",Process,No,N/A
3.3.11.6,"The Member Organization should ensure that third party service providers used for secure disposal, transport and storage comply with the secure disposal standard and procedure and the effectiveness is periodically measured  and evaluated .",Process,No,N/A
3.3.13.1,"The c yber sec urity  standards for electronic banking services should be defined, approved and implemented.",Tech,Yes,Review AWS Config Rules for compliance.
3.3.13.2,The compliance with cyber security  standards for electronic banking services should be monitored .,Tech,Yes,Review AWS Config Rules for compliance.
3.3.13.3,The effectiveness of the cyber security  standard for electronic banking services should be measured and periodically evaluated.,Process,No,N/A
3.3.13.4,"Electronic banking services security standard should cover: a. use of brand protection measures to protect online services including social media. b. online , mobile  and phone  banking: 1. use of official application stores and websites  (applicable for online and mobile banking) ; 2. use of detection measures and take -down of malicious apps  and websites  (applicable for online and mobile banking) ; 3. use of sandboxing (applicable for online and mobi le banking) ;",Tech,No,N/A
3.3.13.4,use of non-caching techniques  (applicable for online and mobile banking) ;,Process,No,N/A
3.3.13.5,use of communication techniques to avoid ‘man -in-the-middle’ -attacks  (applicable for online and mobile banking) ;,Process,No,N/A
3.3.13.6,use of multi -factor authentication mechanisms : a. multi -factor authentication  should be used during the registration process for the customer in order  to use of electronic banking services; b. multi -factor authentication should be implemented for all electronic banking services available to customers; c. the use of hard  and soft tokens should be password protected; d. revoking the access of customers after 3 successive incorrect passwords or invalid PINs; e. the process for changing the customer mobile number should only be done from either a branch or ATM; f. the processes for requesting and activating of the multi -factor authentication should be done through different delivery channels ; g. multi -factor authentication should be implemented for  the following processes: 1. sign-on; 2. adding or modifying beneficiaries; 3. adding utility and government payment services; 4. high -risk transactions (when it exceeds predefined limits); 5. password  reset;,Tech,Yes,Use IAM Roles/Policies with least privilege. Avoid root account usage.; Enforce MFA for IAM users. Use strong password policies.
3.3.13.7,the processes for adding and activating beneficiaries should be done through different delivery channels  (applicable for mobile and online banking) ;,Process,No,N/A
3.3.13.8,high availability of the electronic banking services  should be ensured;,Tech,No,N/A
3.3.13.9,scheduled downtime of the electronic banking services should be timely communicated to SAMA and customers ;,Process,No,N/A
3.3.13.10,"contractual agreements between the Member Organization and t he customer addressing the roles, responsibilities and liabilities for both the Member Organization and the customers;",Process,No,N/A
3.3.13.11,"obtaining approval of SAMA before launching a new  electronic banking service. c. ATMs and POS s: 1. prevention and detection of exploiting the ATM/POS application and infrastructure vulnerabilities (e.g. , cables, (USB) -ports, rebooting); 2. cyber security  measures , such as  hardening of operating systems, malware protection, privacy screens, masking of passwords or account numbers ( e.g., screen and receipt), geo-blocking (e.g., disable cards per default for outside GCC countries , disable magnetic strip transactions ), video monitoring (CCTV), revoking cards after 3 successive invalid PINs, anti-skimming solutions  (hardware/software) , and PIN-pad protection ; 3. remote stopping of ATMs in case of malicious activities. d. SMS instant notification services: 1. SMS messages should not contain sensitive data (e.g. , account balance  - except for credit cards) ; 2. SMS alert should be sent to both mobile numbers (old and new) when the customer’s mobile number has been changed; 3. SMS notification should be sent to the customer’s mobile number when requesting a new multi -factor authentication mechanism . 4. SMS notification should be sent  to the customer’s mobile number for all  retail and personal financial transactions. 5. SMS notification should be sent to the customer’s mobile number when beneficiaries are added, modified and activated.",Tech,Yes,"Enable CloudTrail, VPC Flow Logs, S3 Access Logs, RDS Enhanced Monitoring.; Enforce MFA for IAM users. Use strong password policies."
3.3.14.1,"The security event management process should be defined, approved and implemented.",Process,No,N/A
3.3.14.2,The effectiveness of th e cyber security  controls within the security event management process should be measured and periodically evaluated.,Process,No,N/A
3.3.14.3,"To support this process a security event monitoring standard should be defined, approved and implemented. a. the standard should address for all information assets the mandatory events which should be monitored , based on the classification or risk profile of the information asset.",Tech,Yes,"Enable CloudTrail, VPC Flow Logs, S3 Access Logs, RDS Enhanced Monitoring."
3.3.14.4,"The security event management process should include  requirements for : a. the establishment of a designated team  resp onsible for security monitoring  (i.e., Security Operations Center (SOC) ); b. skilled and (continuously) trained staff; c. a restricted area to facilitate SOC activities and workspaces; d. resources required continuous security event monitoring activities (24x7); e. detection and handling of malicious code and software; f. detection and handling of security or suspicious events and anomalies; g. deployment of security network packet analysis solution ; h. adequately protected logs; i. periodic compliance monitoring of applications and infrastructure cyber security  standards j. automated and centralized analysis of security loggings and correlation of event or patterns (i.e. , Security Information and Event Management  (SIEM )); k. reporting of cyber security  incidents ; l. independent periodic testing of the effectiveness of the security operations center (e.g. , red- teaming).",Tech,Yes,"Enable CloudTrail, VPC Flow Logs, S3 Access Logs, RDS Enhanced Monitoring.; Use Security Groups, NACLs, Private Subnets for databases. No public S3 buckets."
3.3.15.1,"The cyber security incident management proc ess should be defined, approved, implemented  and aligned with the enterprise incident management process .",Process,No,N/A
3.3.15.2,The effectiveness of the cyber security  controls within the cyber security  incident management process should be measured and periodically evaluated.,Process,No,N/A
3.3.15.3,The standard should address the man datory and suspicious security  events  which should be responded to.,Process,No,N/A
3.3.15.4,"The security incident management process should include  requirements for : a. the establishment of a designated team  responsible for security incident management ; b. skilled and (continuously) trained staff ; c. sufficient capacity available of certified forensic staff for handling major incidents (e.g., internal staff  or contracting a n external  forensic team ); d. a restricted area to facilitate the computer emergency response  team ( CERT ) workspaces; e. the classification of cyber security  incidents; f. the timely handling of cyber security  incidents , recording and monitoring progress; g. the protection of relevant evidence and loggings; h. post -incident activities, such as  forensics, root -cause analysis of the inc idents; i. reporting of suggested improvements to the CISO and the Committee; j. establish a cyber security incident repository.",Tech,Yes,"Enable CloudTrail, VPC Flow Logs, S3 Access Logs, RDS Enhanced Monitoring."
3.3.15.5,The Member Organization should inform ‘SAMA IT Risk Supervision’  immediately when a medium or high classified security incid ent has occurred and identified .,Process,No,N/A
3.3.15.6,The M ember Organization should obtain ‘ no objection ’ from ‘SAMA IT Risk Supervision’  before any media interaction related to the incident.,Process,No,N/A
3.3.15.7,"The Member Organization should submit a formal incident report  ‘SAMA IT Risk Supervision’  after resuming operations , including  the following incident details : a. title of incident; b. classification of the incident (medium or high); c. date and time of incident  occurred ; d. date and time of incident detected; e. information assets involved; f. (technical) detai ls of the incident; g. root -cause analysis; h. corrective activities performed and planned; i. description of impact  (e.g., loss of data, disruption of services, unauthorized modification of data , (un)intended data leakage, number of customers impacted ); j. total est imated cost of incident; k. estimated cost of corrective actions.",Tech,No,N/A
3.3.16.1,"The threat intelligence management process should be defined, approved and implemented .",Process,No,N/A
3.3.16.2,The effectiveness of the  threat intelligence management  process should be measured and period ically evaluated.,Process,No,N/A
3.3.16.3,"The threat intelligence management process should include: a. the use of internal sources, such as access control, application and infrastructure logs, IDS, IPS, security tooling, Security Information and Event Monitoring (SIEM), support functions  (e.g. , Legal, Audit, IT Helpdesk, Forensics, Fraud Management, Risk Management, Compliance); b. the use of reliable and relevant external sources, such as  SAMA, government agencies, security forums, (security) vendors, security organizations and specia list notification services; c. a defined methodology to analyze the threat information periodically ; d. the relevant details on identified or collected threats, such as  modus operandi, actors, motivation and type of threats; e. the relevance of the derived intellig ence and the action -ability for follow -up (for e.g. , SOC, Risk Management); f. sharing the relevant intelligence with the relevant stakeholders (e.g. , SAMA, BCIS  members).",Tech,Yes,"Enable CloudTrail, VPC Flow Logs, S3 Access Logs, RDS Enhanced Monitoring.; Use IAM Roles/Policies with least privilege. Avoid root account usage."
3.3.17.1,"The vulnerability management process shoul d be defined, approved and implemented.",Tech,No,N/A
3.3.17.2,The effectiveness of the vulnerability management process should be measured and periodically evaluated.,Tech,No,N/A
3.3.17.3,"The vulnerability management process should include: a. all information assets; b. frequency of performing the vulner ability scan (risk -based); c. classification of vulnerabilities; d. defined timelines to mitigate  (per classification) ; e. prioritization for classified information assets; f. patch mana gement and method of deployment. 3.4 Third Party Cyber  Security When Member Organiza tions do rely on, or have to deal with third party services, it is key to ensure the same level of cyber security protection is implemented at the third party, as within the Member Organization. This paragraph describes how the cyber security  requirement s between the Member Organization and Third Parties should be organized, implemented and monitored. Third Parties in this Framework are defined as, information services providers, outsourcing providers, cloud computing providers, vendors, suppliers, govern mental agencies, etc.",Tech,No,N/A
3.4.1.1,"The c yber security  requirements should be defined, approved, implemented and communicated within the contract and vendor management processes .",Process,No,N/A
3.4.1.2,The compliance with contract and vendor management process should be monitored.,Process,No,N/A
3.4.1.3,The effec tiveness of the cyber security  controls within the contract and vendor management process should be measured and periodically evaluated.,Process,No,N/A
3.4.1.4,"These contract and vendor management processes should cover: a. whether the involvement of the cyber security  function is actively required (e.g. , in case of due diligence); b. the baseline cyber security  requirements which should be applied in all cases; c. the right to periodic ally perform cyber security  reviews and audits.",Process,No,N/A
3.4.1.5,"The contract management  process should cover requirements for : a. executing a cyber security risk assessment as part of the procurement process; b. defining the specific cyber  security requirements as part of the tender process; c. evaluating the replies of potential vendors on the defin ed cyber  security requirements; d. testing of the agreed cyber security requirements  (risk -based) ; e. defining the communication or escalation process in case of cyber  security incidents; f. ensuring  cyber  security requirements are defined for exiting , terminating or renewing the contract (including escrow agreements if applicable ); g. defining a mutual confidentiality agreement .",Process,No,N/A
3.4.1.6,"The v endor management process (i.e., service level management)  should cover requirements for : a. periodic  reporting, reviewing and evaluating the contractually agreed cyber  security requirements (in SLAs) .",Process,No,N/A
3.4.2.1,"The c yber security  requirements within the outsourcing policy and process should be defined, approved, implemented and communicated within Member Organization.",Process,No,N/A
3.4.2.2,The cyber security  requirements regarding the outsourcing policy and process should be measured and periodically evaluated.,Process,No,N/A
3.4.2.3,The outsourcing process should include: a. the approval from SAMA prior to material outsourcing; b. the involvement of the cyber securit y function; c. compliance with the SAMA circular on outsourcing.,Process,No,N/A
3.4.3.1,"The c yber security  controls  within the cloud computing policy for hybrid and public cloud services should be defined, approved an d implemented and communicated within Member Organization.",Process,No,N/A
3.4.3.2,The compliance with the cloud computing policy should be monitored.,Process,No,N/A
3.4.3.3,The cyber security  controls regarding the cloud computing policy and process for hybrid and public cloud services should be perio dically measured  and evaluated.,Process,No,N/A
3.4.3.4,"The cloud computing policy for hybrid and public cloud services should address requirements for : a. the process for adopting cloud services , including  that: 1. a cyber security risk assessment and due diligence on the clo ud service provider and its cloud services should be performed; 2. the Member Organization should obtain SAMA approval prior to using cloud services or signing the contract with the cloud provider; 3. a contract should be in place , including the cyber security  requ irements,  before using clou d services; b. data location, including  that: 1. in principle only cloud services should be used that are located in Saudi Arabia , or when cloud services are to be used outside Saudi Arabia that the Member Organization should obtain explicit approval from SAMA; c. data use limitations, including  that: 1. the cloud service provider should not use the Member Organizatio n’s data for secondary purposes; d. security , including  that: 1. the cloud service provider should implement and monitor the cyber security  controls as determined in the risk assessment for protecting the confidentiality, integrity and availability of the  Member Organization’s  data; e. data segregation , including that: 1. the Member Organization’s data is logically segregated from other data held by the cloud service provider, including that the cloud service provider should be able to identify the Member Organization’s data and at all times should be able to distinguish it from other data. f. business continuity , including  that: 1. business co ntinuity requirements are met in accordance with the Member Organization’s business continuity policy; g. audit, review and monitoring , including  that: 1. the Member Organization has the right to perform a cyber security review at the cloud service provider; 2. the Member Organization has the right to perform a  cyber security audit at the cloud service provider; 3. the Member Organization has the right to perform a cyber security examination at the cloud service provider; h. exit, including that: 1. the Member Organization h as termination rights; 2. the cloud service provider has to return the Member Organization’s data on termination; 3. the cloud service provider has to irreversibly  delete the Member Organization’s data on termination. Appendices Appendix A  - Overview previous issued SAMA circulars The Framework Supersedes the following previously issued SAMA circulars :  Assessment of protection and information security systems for all banks, 25514 -MAT -53331, 25/10/2012;  Enhance monitoring controls over ATMs, 49616 -MAT -24388, 8/9/2012;  Requirements to reduce DoS/DDoS attacks, 361000033746, 24/12/2014;  Cards Cloning, 361000078157, 19/3/2015;  Independency of Information Security, 361000036797, 30/12/2014;  Caution from electronic fraud, 17722 -MAT, 29/6/2011;  Confidentialit y of banking information, 341000065707, 6/4/2013;  SAMA regulation about mobile banking, 341000096665, 16/6/2013;  Using forged ATM cards to withdrawals from client accounts, 644/MAT/33043, 24/6/2009;  Token service, 341000071570, 18/4/2013;  E-Banking Rules, 11231 -MAG -23612, 9/4/2010;  Multi -factor authentication, 789/MAT/40690, 6/8/2009. The framework refers to the following SAMA circulars or documents with regard to Payment Systems :  For Saudi Arabian Riyal Interbank Express  (SARIE) information, please refer to the SARIE Information Security Policy, Version Issue 1.0 - June 2016.  For mada information, please refer to the following sections in the mada Rules and Standards Technical Book (see appendix A):  Part IIIa - Security F ramework, Version Issue 6.0.0 - May 2016  Part IIIb - HSM Requirements, Version Issue 6.0.0 - May 2016  SAMA CA IPK Certificate Procedures, Version Issue 6.0.1 – October 2016 The framework refers to the following SAMA circulars or documents with regard to outsourcing and business continuity management :  Rules on outsourcing, 424 -BCS-34720, 20/7/2008;  Business Continuity Framework , 381000058504, 01/06/1438H Appendix B - How to request a n Update to the Framework Below the illustration of the process for requesting an update to the Framework.  Detail information supported by pros and cons about the suggested update.  The request should first be approved by CISO before submitting to cyber security committee.  The request should be approved  by Member Organization’s cyber steering committee.  The request should be sent formally in writing to SAMA via the Member Organization’s CEO or managing director to the deputy governor of Supervision .  ‘SAMA IT Risk Supervision’  will evaluate  the request and informs  the Member Organization.  The current Framework remains applicable while the requested update is being considered, processed and if applicable is approved and processed. Appendix C – Framework Update request form Request to Update the SAMA Cyber Security Framework A submission to the deputy governor of SAMA IT Risk Supervision The Saudi Arabian Monetary Authority (SAMA) will consider requests from a member organization (MO) to update its Cyber Security Framework based on the information sub mitted using the form below. A separate form must be completed for each requested update. Please note that all required fields must be properly filled in before SAMA will begin the review process Requestor Information REQUESTOR'S SIGNATURE * x  REQUESTOR'S POSITION* DATE * REQUESTOR'S NAME* MEMBER ORGANIZATION OF REQUESTO R* FRAMEWORK SECTION*: PURPOSE OF REQUESTED UPDATE (including detailed information on its pros and cons)*: PROPOSAL*: Approvals 1. MO’s CISO APPROVAL*  DATE* 2. MO’S CYBER SECURITY COMMITTEE APPROVAL*  APPROVER’S POSITION*  DATE* * Denotes required fields Appendix D - How to request a  Waiver from the  Framework Below the illustration of the process for requesting a  waiver from the Framework.  Detail description about the reasons that  the bank could not meet the required control.  Details description about the available or suggested compensating controls.  The waiver request should first be approved by CISO before submitting to cyber security committee.  The waiver request should approved by the members of Member Organization’s cyber security committee.  The waiver request should be signed by the CISO and relevant (business) owner.  The waiver request should be formally issued in writing to SAMA via the Mem ber Organization’s CEO or managing director to the deputy governor of Supervision .  ‘SAMA IT Risk Supervision’  will evaluate the waiver request and informs the Member Organization.  The current Framework remains applicable while the req uested waiver is being  evaluated and processed , until the moment of granting the waiver . Appendix E – Framework Waiver request form Request for Waiver from the SAMA Cyber Security Framework A submission to the deputy governor of SAMA IT Risk Supervision The Saudi Arabian Monetary Authority (SAMA) will consider requests for waiver from a member organization (MO) from its Cyber Security Framework based on the information submitted using the form below. A separate form must be completed for each requested wa iver. Please note that all required fields must be properly filled in before SAMA will begin the review process. Requestor Information REQUESTOR'S SIGNATURE * x  REQUESTOR'S POSITION* DATE * REQUESTOR'S NAME* MEMBER ORGANIZATION OF REQUESTO R* FRAMEWORK  CONTROL*: DETAILED DESCRIPTION OF WHY CONTROL CANNOT BE IMPLEMENTED*: DETAILED DESCRIPTION OF AVAILABLE OR SUGGESTED COMPENSATING CONTROLS*: Approvals 1. MO’s CISO APPROVAL*  DATE* 2. MO’S CYBER SECURITY COMMITTEE APPROVAL*  APPROVER’S POSITION*  DATE* * Denotes required fields Appendix F - Glossary Term  Description Access management  Access management is the process of granting authorized users the right to use a service, while preventing access to non -authorized users. Anti-skimming solution  A solution that monitors an ATM or POS environment for illegally mounted intrusion mechanisms (both hard - and software). Application whitelisting  A list of applications and application components (libraries, configuration files, etc.) that are authorized to  be present or active on a host according to a well - defined baseline. Application whitelisting technologies are intended to stop the execution of malware and other unauthorized software. Unlike security technologies such as antivirus software, which use bl acklists to block known bad activity and permit all other, application whitelisting technologies are designed to permit known activity and block all other. (NIST SP 800 -167 Guide to Application Whitelisting) APT An advanced persistent threat (APT) is an a dversary that possesses sophisticated levels of expertise and significant resources which allow it to create opportunities to achieve its objectives by using multiple attack vectors (e.g., cyber, physical, and deception). These objectives typically include  establishing and extending footholds within the information technology infrastructure of the targeted organizations for purposes of exfiltrating information, undermining or impeding critical aspects of a mission, program, or organization; or positioning i tself to carry out these objectives in the future. The advanced persistent threat: (i) pursues its objectives repeatedly over an extended period of time; (ii) adapts to defenders’ efforts to resist it; and (iii) is determined to maintain the level of inter action needed to execute its objectives. (NISTIR 7298r2 Glossary of Key Information Security Terms) Asset management  The systematic process of deploying, operating, maintaining, upgrading, and disposing of assets in a safe, secure and cost effective manner. Assurance  Grounds for confidence that the other four security goals (integrity, availability, confidentiality, and accountability) have been adequately met by a specific implementation. “Adequately met” includes (1) functionality that performs correctly, (2) sufficient protection against unintentional errors (by users or software), and (3) sufficient resistance to intentional penetration or by -pass. (NISTIR 7298r2 Glossary of Key Information Security Terms) Audit trail  A record showing who has accessed an Information Technology (IT) system and what operations the user has performed during a given period. (NISTIR 7298r2 Glossary of Key Information Security Terms) Authorization matrix  A matrix that defines the rights and permissions a specific ro le needs for information. The matrix lists each user, the business process tasks he or she performs, and the affected systems. Availability  Ensuring timely and reliable access to and use of information. (NISTIR 7298r2 Glossary of Key Information Security Terms) Business applications  Any software or set of computer programs that are used by business users to perform various business functions. Business continuity  The capability of an organization to continue delivery of IT and business services at acceptable predefined levels following a disruptive incident. (ISO 22301:2012 Societal security -- Business continuity management systems) BYOD  Bring your own device (BYOD) refers to personally owned devices (laptops, tablets, and smart phones) that emplo yees and contractors are permitted to use to carry out business functions . CCTV  Closed -circuit television (CCTV) is the use of video cameras to transmit a signal to a specific place, on a limited set of monitors. CEO The Chief Executive Officer (CEO) is the executive with the chief decision -making authority in an organization. CERT  A computer emergency response team (CERT) is a group of experts that handle computer security incidents. Change management  The controlled identification and implementation of  required changes within a business or information systems. CIO Chief information officer (CIO). A senior -level executive responsible for the information technology and computer systems that support enterprise goals. CISO  Chief information security offic er (CISO). A senior -level executive responsible for establishing and maintaining the enterprise cyber security vision, strategy, and program to ensure information assets and technologies are adequately protected. Classification scheme  Refer to 'Data classification'. Cloud computing  A model for enabling on -demand network access to a shared pool of configurable IT capabilities/ resources (e.g., networks, servers, storage, applications, and services) that can be rapidly provisioned and released with min imal management effort or service provider interaction. It allows users to access technology -based services from the network cloud without knowledge of, expertise with, or control over the technology infrastructure that supports them. This cloud model is composed of five essential characteristics (on -demand self -service, ubiquitous network access, location independent resource pooling, rapid elasticity, and measured service); three service delivery models : (Cloud Software as a Service [SaaS], Cloud Platform as a Service [PaaS], and Cloud Infrastructure as a Service [IaaS]); and four models for enterprise access (Private cloud, Community cloud, Public cloud, and Hybrid cloud). (NISTIR 7298r2 Glossary of Key Information Security Terms) Compensating Security Control  A management, operational, and/or technical control (i.e., safeguard or countermeasure) employed by an organization in place of a recommended security control in the low, moderate, or high baselines that provides equivalent or comparable protection for an information system. (NISTIR 7298r2 Glossary of Key Information Security Terms) Confidentiality  Preserving authorized restrictions on information access and disclosure, including means for protecting personal privacy and proprietary information. (NISTIR 7298r2 Glossary of Key Information Security Terms) Containerization  A virtualization  method for deploying and running distributed applications without launching a virtual machine  for each application. Instead, multiple isolated systems run on a single control host and access a single kernel. Control effectiveness  The measure of correctness of implementation (i.e., how consistently the control implementation complies with the security plan)  and how well the security plan meets organizational needs in accordance with current risk tolerance. (NISTIR 7298r2 Glossary of Key Information Security Terms) COO  Chief Operating Officer. A senior -level executive responsible for the daily operation of t he organization. Cryptographic solutions  Solutions pertaining to cryptography. Refer to 'Cryptography'. Cryptography  The discipline that embodies the principles,  means, and methods for the transformation of data in order to hide their semantic content, prevent their unauthorized use, or prevent their undetected modification. (NISTIR 7298r2 Glossary of Key Information Security Terms) Custodianship  Responsibility for controlling the access to and the accounting, safeguarding, and destruction of information according to an organization's security policy . Cyber risk  The risk to organizational operations (including mission, functions, image, reputatio n), organizational assets, individuals, other organizations, and the Nation due to the potential for unauthorized access, use, disclosure, disruption, modification, or destruction of information and/or information systems. (NISTIR 7298r2 Glossary of Key In formation Security Terms) Cyber security  Cyber security is defined as the collection of tools, policies, security concepts, security safeguards, guidelines, risk management approaches, actions, training, best practices, assurance, and technologies that can be used to protect the member organization's information assets against internal and external threats . Cyber security architecture  An embedded, integral part of the enterprise architecture that describes the structure and behavior for the enterprise’s  security processes, cyber security systems, personnel and organizational sub -units, showing their alignment with the enterprise’s mission and strategic plans. (NISTIR 7298r2 Glossary of Key Information Security Terms) Cyber security audit  Independent rev iew and examination of security -related records and activities to provide reasonable assurance that system controls are adequate and that established policies and operational procedures are compliant. (NISTIR 7298r2 Glossary of Key Information Security Ter ms) Cyber security awareness  Activities which seek to focus an individual’s attention on a cyber security issues. (NISTIR 7298r2 Glossary of Key Information Security Terms) Cyber security awareness program  A program that explains proper rules of behavior for the safe and secure use of IT systems and information. The program communicates cyber security policies and procedures that need to be followed. Cyber security control  The management, operational, and technical controls (i.e., safeguards or countermeasures) prescribed for an information system to protect the confidentiality, integrity, and availability of the system and its information. (NISTIR 7298r2 Glossary of Key Information Security Terms) Cyber s ecurity examination  A review of security -related records and activities of records and activities to assess the adequacy of system controls and to ensure compliance with established policies and operational procedures. An examination does not provide assu rance. Cyber security function  A function, independent from the information technology function, that is headed by a CISO and that reports directly to the CEO/managing director of the Member Organization or general manager of a control function. The information security function is responsible for: – supporting information security policies, defining information security roles and responsibilities, and setting information secur ity goals for implementation; – providing information security and information risk managemen t frameworks; – identifying known and emerging  information security issues; – identifying shifts in the organization’s implic it information risk appetite; – assisting management in developing information security processes and controls to manage in formation security risks and  information security issues; – providing guidance and training on information security and informati on risk management processes; – facilitating and monitoring implementation of effective information security and information risk m anagement practic es by operational management; – alerting operational management to emerging information security issues and changing regulatory an d information risk scenarios; – monitoring  the adequacy and effectiveness of internal control, accuracy and completeness of reporting, compliance with laws and regulations in connection with information security , and timely remediation of deficiencies. Cyber security governance  A set of responsibilities and practices exercised by the board and executive management with the goal of providing strategic direction for cyber security, ensuring that cyber security objectives are achieved, ascertaining that cyber risks are managed appropriately and verifying that the enterprise's resources are used responsibly. Cyber security incident  An occurrence that actually or potentially jeopardizes the confidentiality, integrity, or availability of an information system or the information the system proce sses, stores, or transmits or that constitutes a violation or imminent threat of violation of security policies, security procedures, or acceptable use policies. (NISTIR 7298r2 Glossary of Key Information Security Terms) Cyber security incident management  The monitoring and detection of security events on an information systems and the execution of proper responses to those events. Cyber security policy  A set of criteria for the provision of security services. It defines and constrains the activities of a  data processing facility in order to maintain a condition of security for systems and data. (NISTIR 7298r2 Glossary of Key Information Security Terms) Cyber security program  Top-down management structure and mechanism for coordinating security activities  throughout the organization. Cyber security review  Independent review and examination of security -related records and activities to provide limited assurance that system controls are adequate and that established policies and operational procedures are c ompliant. (NISTIR 7298r2 Glossary of Key Information Security Terms) Cyber security risk assessment  The process of identifying risks to organizational operations, organizational assets, individuals, other organizations, and the nation, arising through the operation of an information system. A part of risk management, it incorporates threat and vulnerability analyses and considers mitigations provided by security controls planned or in place. (NISTIR 7298r2 Glossary of Key Information Security Terms) Cyber  security risk management  The process of managing risks to organizational operations, organizational assets, individuals, other organizations, and the Nation, resulting from the operation of an information system, and consists of (i) a risk assessment; (ii ) the implementation of a risk mitigation strategy; and (iii) employment of techniques and procedures for the continuous monitoring of the security state of the information system. (NISTIR 7298r2 Glossary of Key Information Security Terms) Cyber security strategy  A high -level plan, consisting of projects and initiatives, to mitigate cyber security risks while complying with legal, statutory, contractual, and internally prescribed requirements. Cyber security threat  Any circumstance or event with the poten tial to adversely impact organizational operations, organizational assets, individuals, other organizations, or the nation through an information system via unauthorized access, destruction, disclosure, modification of information, and/or denial of service . (NISTIR 7298r2 Glossary of Key Information Security Terms) Data classification  The conscious decision to assign a level of sensitivity to data as it is being created , amended, enhanced, stored, or transmitted. The classification of the data should then determine the extent to which the data needs to be controlled / secured and is also indicative of its value in terms of business assets. Double crosscut  A technique us ing saws or blades to cut media into confetti -sized bits. Enterprise architecture  The description of an enterprise’s entire set of information systems: how they are configured, how they are integrated, how they interface to the external environment at th e enterprise’s boundary, how they are operated to support the enterprise mission, and how they contribute to the enterprise’s overall security posture. (NISTIR 7298r2 Glossary of Key Information Security Terms) Enterprise risk management  The methods and processes used by an enterprise to manage risks to its mission and to establish the trust necessary for the enterprise to support shared missions. It involves the identification of mission dependencies on enterprise capabilities, the identification and pri oritization of risks due to defined threats, the implementation of countermeasures to provide both a static risk posture and an effective dynamic response to active threats; and it assesses enterprise performance against threats and adjusts countermeasures  as necessary. (NISTIR 7298r2 Glossary of Key Information Security Terms) Fall-back  Business procedures and measures, undertaken when events have triggered the execution of either a business continuity plan or a contingency plan. Forensics  The practice of gathering, retaining, and analyzing computer -related data for investigative purposes in a manner that maintains the integrity of the data. (NISTIR 7298r2 Glossary of Key Information Security Terms) Formally documented  Documentation that is written, app roved by the senior leadership and disseminated to relevant parties. Gateway server  Interface providing compatibility between networks by converting transmission speeds, protocols, codes, or security measures. It directs, but does not filter, connections between networks. See also ‘Proxy server’. GCC countries  Members of the Gulf Cooperation Council (GCC), a political and economic alliance of the Kingdom of Bahrain, the State of Kuwait, the Sultanate of Oman, the State of Qatar, the Kingdom of Saudi Arabia and the United Arab Emirates. Geo-blocking  A form of internet censorship where access to content is restricted based upon the user's geographical location. Hard token  A hard token (a.k.a. an 'authentication token') is a hardware security device that is used to authorize a user to a system. Some hard tokens are used in combination with other security measures to further enhance security (known as multi -factor authenticat ion). See also 'Soft token'. Hybrid cloud services  A cloud computing service that is composed of some combination of private, public and community cloud services, from different service providers. (Gartner) Identity management  The process of controlling information about users on computers, including how they authenticate and what systems they are authorized to access and/or what actions they are authorized to perform. It also includes the management of descriptive information a bout the user and how and by whom that information can be accessed and modified. Managed entities typically include users, hardware and network resources and even applications. IDS An intrusion detection system (IDS) is a hardware or software product that gathers and analyzes information from various areas within a computer or a network to identify possible security breaches, which include both intrusions (attacks from outside the organizations) and misuse (attacks from within the organizations). (NISTIR 7 298r2 Glossary of Key Information Security Terms) Incident management  Refer to 'Cyber security incident management'. Incident management plan  The documentation of a predetermined set of instructions or procedures to detect, respond to, and limit consequences of a malicious cyber -attack  against an organization’s information system(s). Also Refer to 'Cyber security incident management'. (NISTIR 72 98r2 Glossary of Key Information Security Terms) Incineration  A method of media and device destruction using high heat. Indicator of compromise  A forensic artifact or remnant of an intrusion that can be identified on a host or network. (RSA) Integrity  Guarding against improper information modification or destruction, and includes ensuring information non -repudiation and authenticity. (NISTIR 7298r2 Glossary of Key Information Security Terms) IPS An intrusion prevention system (IPS) can detect an intrusive activity and can also attempt to stop the activity, ideally before it reaches its targets. (NISTIR 7298r2 Glossary of Key Information Security Terms) Irreversibly delete  See 'Secure erase' Jailbreaking  A form of privilege escalation that removes software restrictions imposed by the software manufacturer and often results in unlimited privileges on the device. Key performance indicator  A type of performance measurement that evaluate the success of an organization or of a particular activity in which it engages. Numerical threshold(s) are typically used to categorize performance. Key risk indicator  A measure used to indicate the probabi lity an activity or organization will exceed its defined risk appetite. KRIs are used by organizations to provide an early signal of increasing risk exposures in various areas of the enterprise. Likelihood  A weighted factor based on an analysis of the pr obability that a given threat is capable of exploiting a given vulnerability. Malware  A program that is inserted  into a system, usually covertly, with the intent of compromising the confidentiality, integrity, or availability of the victim’s data, applications, or operating system or of otherwise annoying or disrupting the victim. (NISTIR 7298r2 Glossary of Key Info rmation Security Terms) MDM  Mobile device management (MDM) is an industry term for the administration of mobile devices. Member organization  Organizations affiliated with SAMA. Mobile device  Portable cartridge/disk -based, removable storage media (e.g., floppy disks, compact disks, USB flash drives, external hard drives, and other flash memory cards or drives that contain nonvolatile memory). Portable computing and communications device with i nformation storage capability (e.g., notebook/laptop computers, personal digital assistants, cellular telephones, digital cameras, and audio recording devices). (NISTIR 7298r2 Glossary of Key Information Security Terms) Multi -factor authentication  Authent ication using two or more factors to achieve authentication. Factors include: (i) something you know (e.g. password/PIN); (ii) something you have (e.g., cryptographic identification device, token); or (iii) something you are (e.g., biometric). (NISTIR 7298 r2 Glossary of Key Information Security Terms) NIST  The (U.S.) National Institute of Standards and Technology (www.nist.gov) Non-repudiation  Protection against an individual falsely denying having performed a particular action. Provides the capability to  determine whether a given individual took a particular action such as creating information, sending a message, approving information, and receiving a message. (NISTIR 7298r2 Glossary of Key Information Security Terms) Patch  An update to an operating system, application, or other software issued specifically to correct particular problems with the software. (NISTIR 7298r2 Glossary of Key Information Security Terms) Patch management  The systematic notification, identification, deployment, installation,  and verification of operating system and application software code revisions. (NISTIR 7298r2 Glossary of Key Information Security Terms) PBX A private branch exchange (PBX) is a telephone exchange or switching system that serves a private organization an d performs concentration of central office lines and provides intercommunication between a large number of telephone stations within the organization. PCI DSS  The Payment Card Industry  Data Security  Standard (PCI DSS) is a proprietary cyber security standard for organizations that handle branded credit cards from the major card schemes including Visa, MasterCard, American Express, Discover, and JCB. Penetration testing  A test methodology in which assessors, working under specific constraints and optionally using all available documentation (e.g., system design, source code, manuals), attempt to circumvent the security features of an information system. (NISTIR 7298r2 Glossary of Key Information Security Terms) Personal devices  Devices, like a smart phone, that are not owned or issued by the organization. Physical security  The physical protection of facilities that host information assets against intentional and unintentional security events. PIN A password consisting only of decimal digits. (NISTIR 7298r2 Glossary of Key Information Security Terms) Privileged account / access  An information system account with approved authorizations to perform security - relevant functions that ordinary users are not authorized to perform. (NISTIR 7298r2 Glos sary of Key Information Security Terms) Proxy server  A server that services the requests of its clients by forwarding those requests to other servers. It directs and filters connections between networks. See also ‘Gateway server’. Public cloud service  Services that are rendered over a network that is open to the public. Public cloud providers own and operate the infrastructure at their data center and access is generally via the Internet. Red-teaming  An exercise, reflecting real -world conditions, that is conducted as a simulated adversarial attempt to compromise organizational missions and/or business processes to provide a comprehensive assessment of the security capability of the information system and organization. Resilience  The ability to continue  to: (i) operate under adverse conditions or stress, even if in a degraded or debilitated state, while maintaining essential operational capabilities; and (ii) recover to an effective operational posture in a time frame consistent with mission needs. Risk  A measure of the extent to which an organization is threatened by a potential circumstance or event, and typically a function of: (i) the adverse impacts that would arise if the circumstance or event occurs; and (ii) the likelihood of occurrence. (NISTIR  7298r2 Glossary of Key Information Security Terms) Risk appetite  The amount and type of  risk that an organization is willing to take in order to meet their strategic objectives. Also refer to 'Risk tolerance'. (ISO/Guide 73:2009 Risk management — Vocabul ary) Risk profile  A description of any set of risks that relate to the whole organization, part of the organization, or as otherwise defined. The risk profile will outline the number of risks, type of risk and potential effects of risks. (ISO/Guide 73:2009 Risk management — Vocabulary) Risk register  Risk register is a table used as a repository for all risks identified and includes additional information about each risk, e.g. risk category, risk owner, and mitigation actions taken. Risk tolerance  The acceptable variation relative to performance to the achievement of objectives. Also refer to 'Risk appetite'. (COSO Internal Control — Integrated Framework) Risk treatment  A process to modify risk that can involve avoiding the risk by deciding not to start or continue with the activity that gives rise to the risk; taking or increasing risk in order to pursue an opportunity; removing the risk source; changing the likelihood; changing the consequences; sharing the risk with another party or parties; and retaining the risk by informed decision. Risk treatments that deal with negative consequences are sometimes referred to as “risk mitigation”, “risk elimination”, “risk prevention” and “risk reduction”. Risk treatments can create new risks or modify existin g risks. (ISO/Guide 73:2009 Risk management — Vocabulary) Risk-aware culture  The shared values, beliefs, knowledge, attitudes and understanding about risk within an organization. In a strong risk culture people proactively identify, discuss and take resp onsibility for risks. (Institute of Risk Management) Root -cause analysis  A principle -based, systems approach for the identification of underlying causes associated with a particular set of risks. (NISTIR 7298r2 Glossary of Key Information Security Terms) Sandboxing  A restricted, controlled execution environment that prevents potentially malicious software, such as mobile code, from accessing any system resources except those for which the software is authorized. (NISTIR 7298r2 Glossary of Key Information  Security Terms) Scrubbing services  A service that analyzes an organization's network traffic and removes malicious traffic (DDoS, known vulnerabilities and exploits). SDLC  A system development lifecycle (SDLC) describes the scope of activities associated with a system, encompassing the system’s initiation, development and acquisition, implementation, operation and maintenance, and ultimately its disposal that instigates another system initiation. (NISTIR 7298r2 Glossary of Key Information Securi ty Terms) Secure coding standard  A document that describes a uniform set of rules and guidelines for developing computer software that protects against the accidental introduction of security vulnerabilities. Examples includes OWASP's Secure Coding Practi ces and the Software Engineering Institute's Secure Coding Standards. Secure disposal  The disposing of equipment and media that minimizes the risk of unwanted disclosure. See also 'Secure erase', 'Secure wiping', 'Incineration', and 'Double crosscut'. Secure erase  An overwrite technology using a firmware -based process to overwrite a hard drive. (NISTIR 7298r2 Glossary of Key Information Security Terms) Secure wiping  Refer to 'Secure erase'. Security architecture  Refer to 'Cyber security architecture'. Security control  Refer to 'Cyber security control' Security testing  Examination and analysis of the safeguards required to protect an information system, as they have been applied  in an operational environment, to determine the security posture of that system. (NISTIR 7298r2 Glossary of Key Information Security Terms) Sensitive information  Information, the loss, misuse, or unauthorized access to or modification of, that could adve rsely affect the organizational affairs, or the privacy to which individuals are entitled. Additionally, sensitive information is the information deemed sensitive according to the organizational data classification policy (see 'Data classification'). (NIST IR 7298r2 Glossary of Key Information Security Terms) SIEM  A security information and event management (SIEM) tool is a system that provides the ability to gather security data from information system components and presents that data as actionable information via a single interface. (NISTIR 7298r2 Glossary of Key Information Security Terms) SLA A service level agreement (SLA) defines the specific responsibilities of the service provider and sets the customer expectations. (NISTIR 7298r2 Glossary of  Key Information Security Terms) SOC A security operations center (SOC) is a specialized location (and team) where security -related data from enterprise information systems (e.g., web sites, applications, databases, servers, networks, desktops and other devices) is monitored, assessed and actioned. The SOC is often dedicated to the detection, investigation and potential response to indicators of compromise. The SOC works closely with, and disseminates, collated security -related information to other areas of the organization (e.g., the cyber security function, incident management team and IT service owners). Soft token  A soft token (a.k.a. a virtual token) is a software version of a hard token. Soft tokens are typically generated by a central server that r uns security software and sent to users' devices. Some hard tokens are used in combination with other security measures to further enhance security (known as multi -factor authentication). See also 'Hard token'. Strategy  Refer to 'Cyber security strategy'. Threat  Refer to 'Cyber security threat' Threat intelligence  Threat intelligence is evidence -based knowledge, including context, mechanisms, indicators, implications and actionable advice, about an existing or emerging menace or hazard to assets that can be used to inform decisions regarding the subject's response to that menace or hazard. (Gartner) Threat landscape  1. An overview of threats, together with current and emerging trends. 2. A collection of threats in a particular domain or context, with information on identified vulnerable assets, threats, risks, threat actors and observed trends. (ENISA) Token  Something that the user possesses and controls (typically a key or password) that is used  to authenticate the user's identity. (NISTIR 7298r2 Glossary of Key Information Security Terms) Vendor management  The practice of ensuring that third -party service providers adhere to the same information security standards that an organization must comp ly with and includes periodic security assessments. Vulnerability  Weakness in an information system, system security procedures, internal controls, or implementation that could be exploited or triggered by a threat source. (NISTIR 7298r2 Glossary of Key I nformation Security Terms) Vulnerability management  Vulnerability management is the cyclical practice of identifying, classifying, remediating, and mitigating vulnerabilities. Also refer to 'Vulnerability'.",Process,No,N/A
